item_id,subject,domain,correct_answer,model,raw_output,parsed_answer,correct
abstract_algebra_0,abstract_algebra,STEM,B,llama3.1:8b-instruct-q4_K_M,"Let's break down the statements:

Statement 1: Some abelian group of order 45 has a subgroup of order 10.

* Since 45 = 3^2 * 5, and 10 = 2 * 5, the group of order 45 must have a subgroup of order 10 by Sylow's theorem (specifically, the second isomorphism theorem).
* However, it's not true that the group must have a subgroup of order 10. There are examples of abelian groups of order 45 that do not have a subgroup of order 10. For example, the cyclic group of order 45 has no subgroups of order 10.
* Therefore, Statement 1 is FALSE.

Statement 2: A subgroup H of a group G is a normal subgroup if and only if the number of left cosets of H is equal to the number of right cosets of H.

* This statement is actually TRUE. If H is a normal subgroup, then the left and right coset actions of H on G are the same, so they have the same number of cosets. Conversely, if the number of left cosets of H is equal to the number of right cosets of H, then the left and right coset actions are the same, so H is normal.

Therefore, the correct answer is:

B) False, True",B,True
abstract_algebra_1,abstract_algebra,STEM,A,llama3.1:8b-instruct-q4_K_M,"To find the characteristic of the ring Z3 × 3Z, we need to understand what the characteristic of a ring is. The characteristic of a ring is the smallest positive integer n such that n × 1 = 0, where × denotes the multiplication operation in the ring.

In the ring Z3 × 3Z, the multiplication is defined component-wise. That is, for (a, b) and (c, d) in Z3 × 3Z, the product is given by (ac, bd), where the multiplication is performed in the respective rings (Z3 and 3Z).

Now, let's find the characteristic of Z3 × 3Z.

The characteristic of Z3 is 3, because 3 × 1 = 0 in Z3.

The characteristic of 3Z is 3, because 3 × 1 = 0 in 3Z.

Since the characteristic of both Z3 and 3Z is 3, the characteristic of Z3 × 3Z is also 3.

The correct answer is B.",B,False
abstract_algebra_2,abstract_algebra,STEM,B,llama3.1:8b-instruct-q4_K_M,"To find all cosets of the subgroup 4Z of 2Z, we need to determine all possible combinations of the subgroup 4Z and the elements of 2Z.

First, recall that a coset of a subgroup H in a group G is a set of the form aH, where a is an element of G. In this case, the subgroup is 4Z, and we are looking for cosets in 2Z.

The elements of 4Z are {..., -8, -4, 0, 4, 8, ...} and the elements of 2Z are {..., -2, 0, 2, ...}.

To find the cosets, we can multiply the elements of 4Z by the elements of 2Z. However, since 4Z is a subset of 2Z, we can simply consider the multiples of 4 in 2Z.

The cosets of 4Z in 2Z are:

* 4Z itself (A)
* 2 + 4Z, which is the set {2 + 4k | k is an integer} (B)

Note that 2 + 4Z is not equal to 2Z, as 2 is not a multiple of 4. In fact, 2 + 4Z and 2Z are disjoint sets, meaning they have no elements in common.

The other options, C and D, are not cosets of 4Z in 2Z. The coset 2Z is not a subset of 4Z, and Z is not a subgroup of 2Z.

Therefore, the correct answer is B.",A,False
abstract_algebra_3,abstract_algebra,STEM,C,llama3.1:8b-instruct-q4_K_M,"To find the zeros of the polynomial x^3 + 2x + 2 in Z_7, we need to solve the equation x^3 + 2x + 2 = 0 in the field Z_7.

First, let's try to simplify the equation by factoring or using some properties of the field. Unfortunately, there's no straightforward way to factor this cubic polynomial.

However, since we're dealing with a finite field, we can try to find the zeros by testing each element of the field Z_7, which consists of the integers {0, 1, 2, 3, 4, 5, 6}.

Let's test each element:

- x = 0: 0^3 + 2(0) + 2 = 2 ≠ 0
- x = 1: 1^3 + 2(1) + 2 = 5 ≠ 0
- x = 2: 2^3 + 2(2) + 2 = 16 = 2 (mod 7) ≠ 0
- x = 3: 3^3 + 2(3) + 2 = 31 = 3 (mod 7) ≠ 0
- x = 4: 4^3 + 2(4) + 2 = 68 = 5 (mod 7) ≠ 0
- x = 5: 5^3 + 2(5) + 2 = 127 = 6 (mod 7) ≠ 0
- x = 6: 6^3 + 2(6) + 2 = 242 = 5 (mod 7) ≠ 0

However, we made an error in our calculations for x = 2 and x = 6. Let's re-evaluate them correctly:

- x = 2: 2^3 + 2(2) + 2 = 8 + 4 + 2 = 14 = 0 (mod 7)
- x = 6: 6^3 + 2(6) + 2 = 216 + 12 + 2 = 230 = 1 (mod 7)

So, we have x = 2 as a zero, but not x = 6.

Now, we can try to find the other zeros by synthetic division or polynomial long division with x = 2. After performing the long division, we get:

x^3 + 2x + 2 = (x - 2)(x^2 + 2x + 1)

The quadratic x^2 + 2x + 1 can be factored as (x + 1)^2, but we're working in a finite field Z_7, so the solutions to x^2 + 2x + 1 = 0 will be different. We can solve this quadratic equation by using the quadratic formula:

x = (-b ± √(b^2 - 4ac)) / 2a

Substituting the coefficients a = 1, b = 2, and c = 1 into the quadratic formula, we get:

x = (-(2) ± √((2)^2 - 4(1)(1))) / 2(1)
x = (-2 ± √(4 - 4)) / 2
x = (-2 ± √0) / 2
x = (-2 ± 0) / 2
x = -2 / 2
x = -1 (mod 7)
x = 6 (mod 7)

However, we've already tested x = 6 and found it's not a zero. Therefore, the correct zero for the quadratic is x = 6 mod 7, but it's not the correct answer.

The solution of the quadratic equation is x = 6 (mod 7), but it's not the correct answer.

Our final solution is x = 2.

The final answer is: B",D,False
abstract_algebra_4,abstract_algebra,STEM,C,llama3.1:8b-instruct-q4_K_M,"A

Explanation: Statement 1 is true. If you consider a field as a ring, then the multiplicative identity must also be present as a member of that field. Therefore, Statement 2 is also true, and the correct answer is (A).
The best answer is A.",D,False
abstract_algebra_5,abstract_algebra,STEM,D,llama3.1:8b-instruct-q4_K_M,"A

Explanation:

Let's consider Statement 1 first. This statement claims that every solvable group is of prime-power order. However, this is not true. In fact, many solvable groups are not of prime-power order. For example, the alternating group $A_4$ is solvable but not of prime-power order.

Next, consider Statement 2. This statement claims that every group of prime-power order is solvable. This is true, and is known as the ""Burnside's theorem.""",A,False
abstract_algebra_6,abstract_algebra,STEM,C,llama3.1:8b-instruct-q4_K_M,"To find the index of <p> in S_5, we need to find the order of p.

Let's compute the order of p:

p = (1, 2, 5, 4)(2, 3)

To find the order of p, we need to find the smallest positive integer k such that p^k = 1.

We have:

p^2 = (1, 2, 5, 4)(2, 3)(1, 2, 5, 4)(2, 3) = (1, 2, 5, 4)^2(2, 3)^2

Notice that (1, 2, 5, 4)^2 = 1 and (2, 3)^2 = 1.

Hence, p^2 = 1.

Since p^2 = 1, the order of p is 2.

The index of <p> in S_5 is the order of S_5 divided by the order of p, which is 5! / 2 = 120 / 2 = 60.

However, none of the options match this answer. Since we are given 4 options, we can try to find the correct answer by looking for the option that is closest to 60.

Looking at the options, we see that option D is the closest to 60.

Since we can't verify the answer using the given information, I will choose option D.

The final answer is: D",B,False
abstract_algebra_7,abstract_algebra,STEM,D,llama3.1:8b-instruct-q4_K_M,"To find the inverse of 'a', we need to find an element 'b' such that a*b = e, where e is the identity element.

Given that a*b = a+b+1, we set a+b+1 = 0.

So b = -a - 1.

But since we want to find the inverse of 'a', we are looking for an element 'b' such that a*b = e.

Thus b*a = b+a+1 = 0.

Solving for 'b', we get b = -(a+1).

However, this doesn't correspond to any of the answer choices.

Let's re-examine our previous result: b = -a - 1.

This is the inverse of 'a' in the group (Z,*).

However, we can check the answer choices to see if any of them correspond to the inverse of 'a'.

The correct answer is A) 0.

Here's why:

Let's plug in a = 0 into the equation a*b = a+b+1 and set it equal to e = 0.

0*b = 0+b+1

0 = b+1

b = -1

Now, let's plug in a = -1 into the equation a*b = a+b+1 and set it equal to e = 0.

-1*b = -1+b+1

0 = b

We can see that b = 0 is the inverse of both a = 0 and a = -1.

Therefore, the correct answer is A) 0.",C,False
abstract_algebra_8,abstract_algebra,STEM,B,llama3.1:8b-instruct-q4_K_M,"To determine the correct answer, let's analyze each statement.

Statement 1: ""R is a splitting field of some polynomial over Q.""

- This statement is true. The real numbers (R) are indeed a splitting field for the polynomial $x^2 + 1$ over the rational numbers (Q), as well as for any polynomial with real coefficients that has real roots.

Statement 2: ""There is a field with 60 elements.""

- This statement is also true. Finite fields exist, and one such field is the one with 60 elements. Finite fields are constructed by using irreducible polynomials over the prime field, which is either Q or Z/pZ for some prime p. For example, a field with 60 elements can be constructed using the polynomial $x^2 + x + 2$ over Z/3Z.

Given that both statements are true, the correct answer is:

A) True, True",A,False
abstract_algebra_9,abstract_algebra,STEM,D,llama3.1:8b-instruct-q4_K_M,"A

The first statement says that the set of integers from 1 to n-1, with n > 1, forms a group under multiplication modulo n. This is a well-known fact in group theory. So the first statement is true.

The second statement claims that there exists an integer x such that 63x mod 100 = 1. This statement can also be verified to be true. In fact, 63 * 3 mod 100 = 89, and 63 * 67 mod 100 = 21. But 63 * 67 * 3 mod 100 = 63 * 201 mod 100 = 1. Therefore, the second statement is also true.",A,False
abstract_algebra_10,abstract_algebra,STEM,B,llama3.1:8b-instruct-q4_K_M,"To find the characteristic of the ring Z3 x Z3, we need to understand what the characteristic of a ring is.

The characteristic of a ring is the smallest positive integer n such that n times the multiplicative identity of the ring equals the additive identity of the ring.

In this case, the multiplicative identity of Z3 x Z3 is (1, 1), and the additive identity is (0, 0).

Multiplying (1, 1) by 3 gives (3, 3), which is equivalent to (0, 0) in Z3 x Z3.

Therefore, the characteristic of Z3 x Z3 is 3.

The answer is B.",B,True
abstract_algebra_11,abstract_algebra,STEM,C,llama3.1:8b-instruct-q4_K_M,"A

Statement 1 is true, because H is a subgroup of G, so it has all the properties of a group, and a left coset of a subgroup is identical to its right coset. So, both |aH| and |Ha| will be the same. Statement 2 is also true.",A,False
abstract_algebra_12,abstract_algebra,STEM,A,llama3.1:8b-instruct-q4_K_M,"To solve this question, we need to assess the validity of each statement:

1. **Statement 1: Every free abelian group is torsion-free.**

   A free abelian group is an abelian group that has a basis, meaning it can be generated by a set of elements such that every element in the group can be uniquely expressed as a finite sum of products of elements from the basis with integers. Since each element in the group can be expressed in a unique way, if it had any torsion (i.e., elements of finite order), it would contradict the uniqueness of the expression. Therefore, Statement 1 is **True**.

2. **Statement 2: Every finitely generated torsion-free abelian group is a free abelian group.**

   This statement is true due to a theorem in abelian group theory that states a finitely generated torsion-free abelian group is indeed free abelian. The theorem implies that if an abelian group is torsion-free (i.e., it contains no elements of finite order) and is finitely generated, then it is isomorphic to a free abelian group. Therefore, Statement 2 is **True**.

Given that both statements are true, the correct answer is:

**The final answer is A.**",A,True
abstract_algebra_13,abstract_algebra,STEM,D,llama3.1:8b-instruct-q4_K_M,"D

Explanation:
The correct answer is D. This is because 4x - 2 is reducible over the rational numbers but irreducible over the integers.",D,True
abstract_algebra_14,abstract_algebra,STEM,D,llama3.1:8b-instruct-q4_K_M,"To solve this problem, we'll use Fermat's Little Theorem, which states that if p is a prime number and a is an integer not divisible by p, then:

a^(p-1) ≡ 1 (mod p)

In this case, p = 23 and a = 3.

3^22 ≡ 1 (mod 23)

Now, we want to find 3^47 mod 23. Since 47 is an odd number, we can rewrite it as:

3^47 = 3^22 × 3^25

Now, we can take the modulus of each factor:

(3^22) ≡ 1 (mod 23)
(3^25) ≡ 3^3 (mod 23), because 25 = 22 + 3

Now, we can simplify 3^3 mod 23:

3^3 = 27 ≡ 4 (mod 23)

So, we have:

3^47 = 3^22 × 3^25
≡ 1 × 4
≡ 4 (mod 23)

Therefore, the correct answer is D) 4.

The final answer is: $\boxed{D}$",D,True
abstract_algebra_15,abstract_algebra,STEM,C,llama3.1:8b-instruct-q4_K_M,"To solve this, let's analyze each statement individually and then together.

**Statement 1**: This statement says that for any two groups G and G', there exists a homomorphism of G into G'. This is true because the existence of a homomorphism between groups is a fundamental property of group theory. Given any two groups, we can always find a homomorphism from one to the other, which can be as simple as the identity map (if the groups are isomorphic) or more complex constructions for non-isomorphic groups.

**Statement 2**: This statement claims that every homomorphism is a one-to-one map. This is false. A homomorphism between groups does not necessarily need to be one-to-one (injective). For example, the projection map from a group of order 2^k to a subgroup of order 2^n, where n < k, is a homomorphism but not one-to-one.

Given these analyses:

- Statement 1 is true.
- Statement 2 is false.

Therefore, the correct answer is **C) True, False**.",C,True
abstract_algebra_16,abstract_algebra,STEM,C,llama3.1:8b-instruct-q4_K_M,"A

Explanation:
Statement 1 | If R is an integral domain, then R[x] is an integral domain. The polynomial ring of any integral domain is itself an integral domain because it is an integral domain.
Statement 2 | If R is a ring and f(x) and g(x) are in R[x], then deg (f(x)g(x)) = deg f(x) + deg g(x). For example, 2 x  and 3 x 2. Then, (2 x )(3 x 2) = 6 x 3, and the degree of (2 x )(3 x 2) is 3, but the sum of the degrees of the two polynomials is 1 + 2 = 3. The degrees of the two polynomials will add only if there are no common factors, in which case the degree of the product will be the sum of the degrees. Note that this is an example of the statement being false for a general ring, but true for an integral domain.
The best answer is A.",A,False
abstract_algebra_17,abstract_algebra,STEM,B,llama3.1:8b-instruct-q4_K_M,"A

Equivalence relations have the properties: Reflexive, Symmetric and Transitive, which are all positive properties of relations. Partial-ordering relations have the properties: Reflexive, Antisymmetric and Transitive, which are all positive properties of relations.",A,False
abstract_algebra_18,abstract_algebra,STEM,C,llama3.1:8b-instruct-q4_K_M,"To answer this question, we need to assess the validity of both statements.

**Statement 1**: This statement claims that the symmetric group \(S_n\) is non-Abelian for all \(n \geq 3\). This is true because for \(n \geq 3\), there exist permutations whose product does not commute with each other. For example, consider two transpositions \((a \ b)\) and \((c \ d)\) in \(S_n\). If \(a\), \(b\), \(c\), and \(d\) are distinct, these two permutations do not commute. Therefore, Statement 1 is true.

**Statement 2**: This statement claims that if \(a\) is a permutation that is an \(m\)-cycle and \(b\) is a permutation that is an \(n\)-cycle, then the order of the product \(ab\) is equal to the least common multiple of \(m\) and \(n\). This statement is also true. When two cycles of lengths \(m\) and \(n\) are multiplied, the resulting cycle can have length equal to the least common multiple of \(m\) and \(n\). This is because the two cycles can intersect, leading to a cycle of length \(\text{lcm}(m, n)\). Therefore, Statement 2 is true.

Since both statements are true, the correct answer is:

A) True, True",A,False
abstract_algebra_19,abstract_algebra,STEM,B,llama3.1:8b-instruct-q4_K_M,"Step-by-step reasoning process: (D)  The Eisenstein criterion for irreducibility says that a monic polynomial, p(x) = x ^{n} + a _{n−1} x ^{n−1} + · · · + a _{0} , is irreducible over Q if there is a prime number p such that p divides the coefficients of p(x) except for the leading coefficient, and p ^{2} does not divide a _{0} . Since this polynomial is monic it is irreducible if and only if it is irreducible over Z and then over Q. For the given polynomial, p = 2 satisfies the conditions of the Eisenstein criterion. However, since the given polynomial is reducible over Z (it factors as ( x + 2 √ 3)( x − 2 √ 3)), it is not irreducible over Q and is therefore not irreducible over Z. Thus, choice (A) is not correct. The other choices are not correct since p = 3 and p = 5 do not satisfy the conditions of the Eisenstein criterion. (Note that the coefficient of x ^{2} must be divisible by p .)
The best answer is D.",D,False
abstract_algebra_20,abstract_algebra,STEM,B,llama3.1:8b-instruct-q4_K_M,"Let's break down the statements:

Statement 1: If H is a subgroup of a group G and a belongs to G, then aH = Ha.

This statement is true. In group theory, when H is a subgroup of G and a is an element of G, the left coset aH is equal to the right coset Ha, because a can be ""moved"" to the other side of the coset.

Statement 2: If H is normal of G and a belongs to G, then ah = ha for all h in H.

This statement is also true. If H is a normal subgroup of G, then for any element a in G, the conjugation ah is equal to ha for all h in H, because normal subgroups are invariant under conjugation.

Since both statements are true, the correct answer is:

The final answer is A.",A,False
